HK.00700,腾讯控股,5415467779
HK.00857,中国石油股份,2931737729
HK.02318,中国平安,2360089679
HK.00883,中国海洋石油,1720823339
HK.00386,中国石油化工股份,1561806863
HK.00939,建设银行,1430259286
HK.01299,友邦保险,1395524900
HK.01093,石药集团,1223427017
HK.02382,舜宇光学科技,1158226583
HK.01177,中国生物制药,958776938
HK.03988,中国银行,952150159
HK.01398,工商银行,901193266
HK.00941,中国移动,887123409
HK.00027,银河娱乐,860541373
HK.00175,吉利汽车,797469858
HK.02269,药明生物,795361550
HK.00388,香港交易所,729932045
HK.00005,汇丰控股,684740086
HK.02688,新奥能源,653170827
HK.02018,瑞声科技,624360075
HK.00279,民众金融科技,617073080
HK.01928,金沙中国有限公司,580539210
HK.03968,招商银行,505279229
HK.02628,中国人寿,497438010
HK.00914,海螺水泥,493231885
HK.00268,金蝶国际,486744230
HK.00586,海螺创业,485112316
HK.02601,中国太保,400734861
HK.02319,蒙牛乳业,383398980
HK.00291,华润啤酒,363377639
HK.01088,中国神华,345420605
HK.00998,中信银行,344387533
HK.01114,华晨中国,342576379
HK.01530,三生制药,340288251
HK.02186,绿叶制药,338658530
HK.00384,中国燃气,334646762
HK.01288,农业银行,331532590
HK.00902,华能国际电力股份,328602566
HK.01548,金斯瑞生物科技,326091390
HK.00772,阅文集团,317720865
HK.00241,阿里健康,301420280
HK.01357,美图公司,295984335
HK.02196,复星医药,295428462
HK.03993,洛阳钼业,294168889
HK.02007,碧桂园,277932964
HK.01918,融创中国,272965232
HK.00669,创科实业,270999839
HK.00486,俄铝,267468020
HK.00753,中国国航,253496180
HK.03319,雅生活服务,245607975
HK.00001,长和,245167269
HK.00880,澳博控股,237776482
HK.00992,联想集团,237342348
HK.03333,中国恒大,236931955
HK.00168,青岛啤酒股份,235981887
HK.02328,中国财险,232917757
HK.01109,华润置地,230713177
HK.00016,新鸿基地产,228997902
HK.00494,利丰,225182111
HK.03888,金山软件,218196225
HK.00003,香港中华煤气,216735475
HK.01055,中国南方航空股份,209663150
HK.01816,中广核电力,206679209
HK.01313,华润水泥控股,206080209
HK.01113,长实集团,204869209
HK.01044,恒安国际,203860276
HK.01066,威高股份,201710860
HK.00916,龙源电力,197070731
HK.02869,绿城服务,196667960
HK.00762,中国联通,194769876
HK.00823,领展房产基金,193476051
HK.08083,中国创新支付,188116180
HK.01211,比亚迪股份,186008714
HK.01988,民生银行,184713303
HK.00288,万洲国际,180899871
HK.01099,国药控股,178850340
HK.00688,中国海外发展,178461581
HK.06030,中信证券,178456775
HK.01060,阿里影业,176153800
HK.01317,枫叶教育,174152954
HK.02208,金风科技,170849990
HK.01128,永利澳门,166044953
HK.00836,华润电力,166013450
HK.00570,中国中药,165595486
HK.00551,裕元集团,165211725
HK.01336,新华保险,164425990
HK.00958,华能新能源,163366490
HK.02689,玖龙纸业,162458534
HK.00371,北控水务集团,161922780
HK.01171,兖州煤业股份,161124392
HK.00135,昆仑能源,160064260
HK.01997,九龙仓置业,159383544
HK.02001,新高教集团,159004175
HK.02202,万科企业,156811099
HK.02388,中银香港,155710162
HK.02238,广汽集团,155414916
HK.02607,上海医药,155395885
HK.01193,华润燃气,154953278
HK.00633,中国全通,154864340
HK.02338,潍柴动力,148786409
HK.02883,中海油田服务,147808250
HK.02899,紫金矿业,147333543
HK.00012,恒基地产,144090498
HK.08207,中新控股,143710720
HK.00868,信义玻璃,140520576
HK.03323,中国建材,139165774
HK.01112,H&H国际控股,138756642
HK.01958,北京汽车,136684186
HK.03799,达利食品,128737678
HK.02669,中海物业,126782971
HK.00425,敏实集团,126415004
HK.03899,中集安瑞科,126107120
HK.01888,建滔积层板,126076791
HK.03306,江南布衣,122850132
HK.00598,中国外运,122581395
HK.02799,中国华融,122571263
HK.00874,白云山,122129700
HK.00066,港铁公司,121650180
HK.01919,中远海控,121475914
HK.03380,龙光地产,120819122
HK.00011,恒生银行,120512258
HK.02333,长城汽车,119473179
HK.00881,中升控股,118325605
HK.00884,旭辉控股集团,117693236
HK.00728,中国电信,115987874
HK.01833,平安好医生,114881874
HK.00813,世茂房地产,112565924
HK.01658,邮储银行,111034580
HK.00152,深圳国际,110750915
HK.02313,申洲国际,110621860
HK.00017,新世界发展,109701941
HK.00981,中芯国际,109124761
HK.01789,爱康医疗,107515500
HK.00006,电能实业,106816430
HK.03969,中国通号,103831115
HK.00354,中国软件国际,103057554
HK.00839,中教控股,102482110
HK.01208,五矿资源,101544398
HK.00670,中国东方航空股份,100941106
HK.02005,石四药集团,100906640
HK.00002,中电控股,96190182
HK.01752,澳洲成峰高教,96056146
HK.03808,中国重汽,92608104
HK.03337,安东油田服务,91976940
HK.00867,康哲药业,91854730
HK.06837,海通证券,90046338
HK.01339,中国人民保险集团,88118310
HK.00522,ASM太平洋,87303484
HK.00520,呷哺呷哺,86942188
HK.03328,交通银行,86607337
HK.00136,恒腾网络,84727060
HK.00200,新濠国际发展,84384850
HK.03908,中金公司,84027648
HK.02357,中航科工,83047410
HK.01666,同仁堂科技,80712727
HK.03383,雅居乐集团,80356913
HK.01813,合景泰富,79440204
HK.01138,中远海能,78439308
HK.01818,招金矿业,78034553
HK.00729,五龙电动车,77936165
HK.01071,华电国际电力股份,77451350
HK.00604,深圳控股,77118988
HK.01558,东阳光药,77053168
HK.01269,首控集团,76629070
HK.02039,中集集团,76475725
HK.01169,海尔电器,76324593
HK.01508,中国再保险,76227953
HK.00460,四环医药,76169260
HK.03933,联邦制药,75806904
HK.06169,宇华教育,75521470
HK.02386,中石化炼化工程,75399158
HK.06808,高鑫零售,74297816
HK.03669,永达汽车,73879653
HK.01766,中国中车,73849361
HK.02768,佳源国际控股,72239950
HK.00489,东风集团股份,72024370
HK.03360,远东宏信,71758480
HK.00950,李氏大药厂,70743655
HK.06066,中信建投证券,70714975
HK.00123,越秀地产,70191324
HK.01212,利福国际,69858644
HK.01038,长江基建集团,68752699
HK.00817,中国金茂,68365980
HK.01728,正通汽车,68107325
HK.02282,美高梅中国,67665718
HK.01030,新城发展控股,67615860
HK.00392,北京控股,66399348
HK.01778,彩生活,65175264
HK.01458,周黑鸭,65017370
HK.00220,统一企业中国,63607770
HK.02380,中国电力,63128178
HK.00656,复星国际,63086682
HK.02006,锦江酒店,62692580
HK.01800,中国交通建设,62183624
HK.01083,港华燃气,62086255
HK.01347,华虹半导体,61949774
HK.00257,中国光大国际,60815931
HK.01359,中国信达,60717485
HK.02600,中国铝业,60078245
HK.01628,禹洲地产,59721060
HK.02020,安踏体育,58977227
HK.06068,睿见教育,58392140
HK.01316,耐世特,58327340
HK.00148,建滔化工,58212437
HK.02611,国泰君安,57810428
HK.02038,富智康集团,57699095
HK.00960,龙湖地产,57413849
HK.01999,敏华控股,57137524
HK.02009,金隅集团,56187706
HK.02331,李宁,55426682
HK.00799,IGG,55343710
HK.03633,中裕燃气,55184700
HK.00322,康师傅控股,54729894
HK.02779,中国新华教育,54699100
HK.03898,中车时代电气,54529874
HK.02888,渣打集团,53872553
HK.03377,远洋集团,53519959
HK.00347,鞍钢股份,53410425
HK.00189,东岳集团,53287115
HK.00512,远大医药,53136120
HK.03309,希玛眼科,53134120
HK.01031,金利丰金融,52459119
HK.00806,惠理集团,52353993
HK.06881,中国银河,52011450
HK.00338,上海石油化工股份,51416698
HK.01569,民生教育,51375900
HK.00607,丰盛控股,51108166
HK.00390,中国中铁,51012958
HK.02858,易鑫集团,50877315
HK.00128,安宁控股,50286440
HK.00270,粤海投资,50179439
HK.00285,比亚迪电子,49579199
HK.06060,众安在线,49433849
HK.01251,华油能源,49207750
HK.00358,江西铜业股份,47799200
HK.00699,神州租车,46970786
HK.00293,国泰航空,46388480
HK.00151,中国旺旺,46241784
HK.01970,IMAX 中国,45439101
HK.03396,联想控股,45087045
HK.00410,SOHO中国,44920731
HK.02329,国瑞置业,44392890
HK.01638,佳兆业集团,44220152
HK.02588,中银航空租赁,43787768
HK.06889,Dynam,43428346
HK.00316,东方海外国际,43196962
HK.00173,嘉华国际,42760643
HK.02777,富力地产,42738545
HK.00144,招商局港口,42586918
HK.03900,绿城中国,42108460
HK.01089,乐游科技控股,41613450
HK.00968,信义光能,41370200
HK.00530,高银金融,41352560
HK.02268,优源控股,41327800
HK.01462,金诚控股,40760800
HK.00576,浙江沪杭甬,40702620
HK.03800,保利协鑫能源,40553904
HK.02638,港灯-SS,39855044
HK.01726,HKE HOLDINGS,39704450
HK.01668,华南城,39415110
HK.03883,中国奥园,39191014
HK.00966,中国太平,38960506
HK.01186,中国铁建,38921457
HK.01776,广发证券,38594042
HK.03311,中国建筑国际,38161026
HK.01913,普拉达,37923956
HK.06088,FIT HON TENG,37737355
HK.01898,中煤能源,37099930
HK.06886,华泰证券,36803729
HK.06869,长飞光纤光缆,36719234
HK.01929,周大福,36459872
HK.01333,中国忠旺,35613993
HK.00991,大唐发电,35277820
HK.00101,恒隆地产,35225140
HK.00019,太古股份公司A,35192959
HK.06823,香港电讯-SS,34808982
HK.00272,瑞安房地产,34711115
HK.01378,中国宏桥,34654440
HK.00142,第一太平,34155042
HK.01513,丽珠医药,34134800
HK.01011,泰凌医药,33849360
HK.02343,太平洋航运,33844733
HK.00004,九龙仓集团,33195840
HK.00372,保德国际发展,33160933
HK.00956,新天绿色能源,32833477
HK.00308,香港中旅,32411110
HK.03308,金鹰商贸集团,32393105
HK.00606,中国粮油控股,32203338
HK.08138,同仁堂国药,31939333
HK.01257,中国光大绿色环保,31459914
HK.00267,中信股份,31326540
HK.01700,华地国际控股,31233170
HK.08483,名仕快相,31124640
HK.02866,中远海发,30682386
HK.00178,莎莎国际,30588498
HK.06878,鼎丰集团控股,30256040
HK.01448,福寿园,30130070
HK.01337,雷蛇,30059689
HK.00378,五龙动力,29584432
HK.02727,上海电气,29381120
HK.00548,深圳高速公路股份,29380300
HK.00171,银建国际,29364960
HK.00535,金地商置,29224860
HK.01478,丘钛科技,28611060
HK.01302,先健科技,28440180
HK.01161,奥思集团,28220760
HK.02119,捷荣国际控股,28164700
HK.00751,创维数码,28163677
HK.01966,中骏置业,28021580
HK.01729,汇聚科技,28005840
HK.01618,中国中冶,27957911
HK.00819,天能动力,27872900
HK.01297,中国擎天软件,27857215
HK.06158,正荣地产,27856790
HK.00493,国美零售,27539947
HK.03918,金界控股,27467150
HK.03320,华润医药,27190292
HK.00323,马鞍山钢铁股份,27128860
HK.03618,重庆农村商业银行,27102980
HK.03606,福耀玻璃,26991040
HK.00732,信利国际,26847630
HK.02666,环球医疗,26627112
HK.00020,会德丰,26598408
HK.00932,顺腾国际控股,26395520
HK.00631,三一国际,26189625
HK.03339,中国龙工,25964176
HK.02877,神威药业,25911816
HK.01720,普天通信集团,25902480
HK.00083,信和置业,25802008
HK.01566,华夏动漫,25578270
HK.01234,中国利郎,25261480
HK.00756,森美控股,25155200
HK.08385,万里印刷,24983950
HK.00853,微创医疗,24915167
HK.01166,星凯控股,24699688
HK.00816,华电福新,24598184
HK.01266,西王特钢,24570600
HK.00177,江苏宁沪高速公路,24483853
HK.01233,时代中国控股,23782083
HK.00708,恒大健康,23711750
HK.00683,嘉里建设,23665767
HK.00665,海通国际,23410474
HK.00694,北京首都机场股份,22885080
HK.01243,宏安地产,22755080
HK.00590,六福集团,22746796
HK.00363,上海实业控股,22607105
HK.08057,麦迪森控股,22588760
HK.00029,达力集团,21667100
HK.02128,中国联塑,21233090
HK.00345,维他奶国际,21145350
HK.00439,光启科学,20905820
HK.00581,中国东方集团,20762200
HK.00059,天誉置业,20719056
HK.00451,协鑫新能源,20600584
HK.02232,晶苑国际,20579045
HK.01579,颐海国际,20133140
HK.02098,卓尔集团,19965160
HK.00087,太古股份公司B,19445772
HK.01812,晨鸣纸业,19369332
HK.01052,越秀交通基建,19247400
HK.00511,电视广播,19186115
HK.01660,善乐国际,18998960
HK.00179,德昌电机控股,18945253
HK.00659,新创建集团,18853198
HK.00165,中国光大控股,18462080
HK.00855,中国水务,18379000
HK.03301,融信中国,18368865
HK.00008,电讯盈科,18237091
HK.02362,金川国际,18208730
HK.00405,越秀房产信托基金,17978460
HK.02099,中国黄金国际,17660450
HK.01086,好孩子国际,17654139
HK.00636,嘉里物流,17651027
HK.01862,景瑞控股,17620520
HK.01157,中联重科,17586662
HK.01131,鸿宝资源,17351850
HK.01623,海隆控股,17346230
HK.01788,国泰君安国际,17275605
HK.00440,大新金融,17038729
HK.00023,东亚银行,16745654
HK.06818,中国光大银行,16674780
HK.01630,建成控股,16636865
HK.01515,华润凤凰医疗,16570500
HK.00658,中国高速传动,15889860
HK.01183,澳能建设,15882080
HK.00696,中国民航信息网络,15385243
HK.00119,保利置业集团,15370200
HK.03836,和谐汽车,15330652
HK.01133,哈尔滨电气,15290480
HK.00054,合和实业,15263175
HK.01106,中国海景,15174920
HK.01536,煜荣集团,15117700
HK.00419,华谊腾讯娱乐,14974820
HK.02138,香港医思医疗集团,14954944
HK.01611,桐成控股,14784160
HK.08420,NEXION TECH,14742900
HK.00303,伟易达,14495116
HK.00832,建业地产,14463570
HK.00588,北京北辰实业股份,14319260
HK.00970,耀莱集团,14300800
HK.01004,中国智慧能源,14094740
HK.00010,恒隆集团,14066810
HK.00777,网龙,14036025
HK.00934,中石化冠德,13984272
HK.01717,澳优,13935840
HK.01632,膳源控股,13812440
HK.01368,特步国际,13578380
HK.01140,东英金融,13539960
HK.00921,海信科龙,13493880
HK.08283,正力控股,13418050
HK.01689,华禧控股,13343980
HK.02314,理文造纸,13280060
HK.00525,广深铁路股份,13254200
HK.08430,春能控股,13161800
HK.08032,非凡中国,13074520
HK.00931,中国天然气,13065800
HK.02233,西部水泥,13052670
HK.00069,香格里拉(亚洲),13018987
HK.03958,东方证券,12865111
HK.01815,金猫银猫,12809788
HK.01565,成实外教育,12488660
HK.02188,泰坦能源技术,12376080
HK.08352,成安控股,12307700
HK.00639,首钢资源,12264530
HK.08469,盛业资本,12213640
HK.00860,力世纪,12133780
HK.01199,中远海运港口,11958020
HK.01681,康臣药业,11778145
HK.00612,中国投资基金公司,11709680
HK.00508,鼎亿集团投资,11665550
HK.06138,哈尔滨银行,11619430
HK.00450,鸿兴印刷集团,11614960
HK.08417,大地教育,11606750
HK.00574,百信国际,11591360
HK.01622,力高集团,11528040
HK.00264,中玺国际,11455120
HK.01528,红星美凯龙,11443152
HK.01986,彩客化学,11146980
HK.00778,置富产业信托,11092820
HK.00317,中船防务,11065260
HK.03818,中国动向,11012892
HK.00251,爪哇控股,10904000
HK.08156,众彩股份,10865700
HK.00190,香港建设(控股),10835722
HK.06178,光大证券,10783638
HK.01238,宝龙地产,10763740
HK.08359,HYPEBEAST,10694800
HK.01308,海丰国际,10683985
HK.00621,坛金矿业,10661120
HK.00754,合生创展集团,10607060
HK.00196,宏华集团,10394940
HK.08491,COOL LINK,10298550
HK.03813,宝胜国际,10246570
HK.00585,意马国际,10104622
HK.01310,香港宽频,9953875
HK.00127,华人置业,9945750
HK.02200,浩沙国际,9739300
HK.01889,三爱健康集团,9739125
HK.02342,京信通信,9727545
HK.00336,华宝国际,9712874
HK.08373,靛蓝星,9661600
HK.00784,凌锐控股,9590100
HK.02298,都市丽人,9408920
HK.01777,花样年控股,9368970
HK.02303,恒兴黄金,9282920
HK.01680,澳门励骏,9234030
HK.02778,冠君产业信托,9220460
HK.01972,太古地产,9184972
HK.06828,北京燃气蓝天,9079360
HK.00506,中国食品,9033790
HK.00826,天工国际,9008060
HK.00007,凯富能源,8984460
HK.03983,中海石油化学,8958910
HK.01360,MEGAEXPO HLDG,8933050
HK.01811,中广核新能源,8809458
HK.03998,波司登,8756040
HK.01102,环能国际,8690272
HK.02868,首创置业,8679430
HK.01051,国际资源,8666385
HK.87001,汇贤产业信托,8622752
HK.01533,庄园牧场,8586955
HK.06858,本间高尔夫,8430155
HK.00856,伟仕佳杰,8426940
HK.00891,利邦,8411820
HK.06116,拉夏贝尔,8404130
HK.01293,广汇宝信,8304415
HK.03996,中国能源建设,8270066
HK.02136,利福中国,8221885
HK.00327,百富环球,8213200
HK.00552,中国通信服务,8202150
HK.00709,佐丹奴国际,8123890
HK.00995,安徽皖通高速公路,8103360
HK.01098,路劲,8084500
HK.01428,耀才证券金融,7983420
HK.08231,节能元件,7967150
HK.08157,象兴国际,7957000
HK.01980,天鸽互动,7881060
HK.01882,海天国际,7853425
HK.08351,俊文宝石,7810445
HK.08168,宝积资本,7803790
HK.01363,中滔环保,7783218
HK.00815,中国白银集团,7782220
HK.00014,希慎兴业,7719530
HK.00081,中国海外宏洋集团,7694863
HK.08423,CHI HO DEV,7650300
HK.01585,雅迪控股,7474895
HK.08392,舍图控股,7457100
HK.00818,高阳科技,7409070
HK.02840,SPDR金ETF,7341140
HK.00368,中外运航运,7247445
HK.00895,东江环保,7226432
HK.08292,盛良物流,7207600
HK.08022,永耀集团控股,7202400
HK.02633,雅各臣科研制药,7184600
HK.01130,中国环境资源,7103488
HK.00572,未来世界金融,7092336
HK.08101,壹家壹品,7071960
HK.01750,全达电器集团控股,7059200
HK.02678,天虹纺织,7040607
HK.02662,承兴国际控股,7038220
HK.01499,前进控股集团,6855600
HK.00547,数字王国,6809730
HK.01003,欢喜传媒,6759496
HK.01431,原生态牧业,6703383
HK.00332,元亨燃气,6697340
HK.00861,神州控股,6630731
HK.01829,中国机械工程,6593680
HK.01727,河北建设,6589790
HK.00273,茂宸集团,6580970
HK.03738,阜博集团,6534400
HK.00242,信德集团,6481245
HK.00563,上实城市开发,6474140
HK.01381,粤丰环保,6460280
HK.08100,智易控股,6453810
HK.01367,广州基金国际控股,6439240
HK.00906,中粮包装,6395570
HK.01043,光宇国际集团科技,6383380
HK.01647,SHIS LTD,6366450
HK.01539,汇能集团,6263000
HK.01250,北控清洁能源集团,6248251
HK.06198,青岛港,6242260
HK.00811,新华文轩,6231390
HK.08228,国艺娱乐,6218200
HK.02356,大新银行集团,6204144
HK.01068,雨润食品,6175730
HK.00124,粤海置地,6166116
HK.01230,雅士利国际,6159810
HK.01033,中石化油服,6154540
HK.08059,朝威控股,6151750
HK.02355,宝业集团,6141120
HK.01371,华彩控股,6124220
HK.00579,京能清洁能源,6085820
HK.00978,招商局置地,6030783
HK.00859,镇科集团,6026980
HK.00951,超威动力,6020400
HK.00863,品牌中国,6015920
HK.02708,艾伯科技,5974480
HK.02022,游莱互动,5956400
HK.01240,青建国际,5923675
HK.01196,伟禄集团,5923580
HK.01979,天宝集团,5875680
HK.00556,泛亚环保,5863340
HK.01041,林达控股,5853955
HK.01798,大唐新能源,5849595
HK.03318,中国香精香料,5823220
HK.01383,太阳城集团,5799100
HK.00582,蓝鼎国际,5759902
HK.08227,海天天线控股,5735330
HK.03326,保发集团,5594580
HK.01571,信邦控股,5580530
HK.00596,浪潮国际,5539020
HK.01366,江南集团,5519300
HK.01599,城建设计,5491140
HK.01617,南方通信,5480860
HK.01963,重庆银行,5468451
HK.00601,权智(国际),5426900
HK.06182,乙德投资控股,5402560
HK.08105,皇,5399550
HK.00245,中国民生金融,5388298
HK.08360,利骏集团香港,5376220
HK.00707,亚洲电视控股,5368080
HK.02280,慧聪集团,5361665
HK.01323,友川股份,5291800
HK.01061,亿胜生物科技,5287745
HK.06183,中国绿宝,5231300
HK.00315,数码通电讯,5223603
HK.01883,中信国际电讯,5171755
HK.00084,宝光实业,5166180
HK.00330,思捷环球,5146304
HK.01385,上海复旦,5145260
HK.00230,五矿地产,5130160
HK.00698,通达集团,5109000
HK.00369,永泰地产,5077280
HK.01573,中国优质能源,5053300
HK.01361,361度,5052678
HK.02182,天长集团,5049560
HK.01466,钱唐控股,5028360
HK.00215,和记电讯香港,5025080
HK.01828,大昌行集团,5018156
HK.00039,中国北大荒,5016620
HK.03608,永盛新材料,4974275
HK.01382,互太纺织,4935240
HK.01661,智美体育,4880790
HK.02012,阳光油砂,4874297
HK.00755,上海证大,4870545
HK.03329,交银国际,4863657
HK.00973,欧舒丹,4808740
HK.03688,莱蒙国际,4808155
HK.08191,鸿伟亚洲,4782840
HK.01168,百仕达控股,4778379
HK.01223,新沣集团,4752500
HK.01263,柏能集团,4728570
HK.00024,宝威控股,4692690
HK.03330,灵宝黄金,4666600
HK.01636,中国金属利用,4651880
HK.00743,亚洲水泥(中国),4641390
HK.03773,年年卡,4631440
HK.01330,绿色动力环保,4629270
HK.00045,大酒店,4617500
HK.00989,广泽国际发展,4590350
HK.00999,I.T,4543885
HK.01786,铁建装备,4537424
HK.01029,铁货,4510648
HK.00139,中国软实力,4495683
HK.00297,中化化肥,4421710
HK.01079,松景科技,4416040
HK.08279,亚博科技控股,4411280
HK.01072,东方电气,4402892
HK.06118,奥星生命科技,4402700
HK.02198,中国三江化工,4387245
HK.01035,BBI生命科学,4373130
HK.01885,中国优材,4320000
HK.03366,华侨城(亚洲),4315480
HK.00750,兴业太阳能,4239020
HK.00102,凯升控股,4181840
HK.01258,中国有色矿业,4174970
HK.01600,天伦燃气,4150125
HK.02348,东瑞制药,4126770
HK.01475,日清食品,4080100
HK.00877,昂纳科技集团,4055520
HK.01205,中信资源,4024770
HK.00687,香港国际建投,4014880
HK.00680,南海控股,3966750
HK.06036,光丽科技,3964100
HK.01899,兴达国际,3963595
HK.00760,新天地产集团,3954075
HK.02377,博奇环保,3932060
HK.00219,顺豪物业,3930860
HK.01572,中国艺术金融,3922080
HK.08148,奥柏中国,3914824
HK.03358,荣威国际,3908280
HK.02728,裕华能源,3882920
HK.01710,致丰工业电子,3879000
HK.01117,现代牧业,3859615
HK.00113,迪生创建,3857460
HK.02030,卡宾,3814570
HK.00887,英皇钟表珠宝,3795150
HK.03368,百盛集团,3789445
HK.08086,新维国际控股,3784424
HK.01176,珠光控股,3695540
HK.00337,绿地香港,3684540
HK.08078,HMV数码中国,3682700
HK.06826,昊海生物科技,3672375
HK.00496,卡森国际,3666290
HK.00400,科通芯城,3665955
HK.06166,中国宏泰发展,3664360
HK.08039,中国卓银,3621280
HK.00480,香港兴业国际,3614132
HK.00383,中国医疗网络,3597500
HK.00232,中国航空工业国际,3581310
HK.00517,中远海运国际,3576489
HK.00331,丰盛服务集团,3569850
HK.02183,三盛控股,3544000
HK.08095,北大青鸟环宇,3535190
HK.00467,联合能源集团,3522740
HK.00271,亚证地产,3507282
HK.00341,大家乐集团,3492720
HK.02389,北控医疗健康,3467060
HK.08310,大丰港,3458700
HK.01651,津上机床中国,3436500
HK.00925,北京建设,3431910
HK.01268,美东汽车,3430900
HK.01129,中国水业集团,3409240
HK.01298,天美(控股),3405460
HK.06128,泛亚国际,3404620
HK.00431,大中华金融,3379848
HK.01518,新世纪医疗,3351300
HK.00107,四川成渝高速公路,3345080
HK.08511,ZC TECH GP,3327440
HK.01708,三宝科技,3303500
HK.00028,天安,3271124
HK.00164,中国宝力科技,3268700
HK.00943,意科控股,3258735
HK.00802,中国钱包,3254890
HK.00807,上海实业环境,3247400
HK.08082,仁智国际集团,3243200
HK.08158,中国再生医学,3220985
HK.00845,恒盛地产,3203820
HK.01070,TCL多媒体,3194740
HK.03399,粤运交通,3188350
HK.00577,十三集团,3163523
HK.06836,天韵国际控股,3160860
HK.08232,CLASSIFIED GP,3120850
HK.01332,中国透云,3117470
HK.01111,创兴银行,3102288
HK.01830,必瘦站,3065720
HK.00546,阜丰集团,3061985
HK.02083,大自然家居,3050010
HK.08266,卓信国际控股,3028928
HK.00162,世纪金花,3022310
HK.00808,泓富产业信托,3019030
HK.01065,天津创业环保股份,2996620
HK.02033,时计宝,2992660
HK.00041,鹰君,2981800
HK.00035,远东发展,2980970
HK.03989,首创环境,2966238
HK.02283,东江集团控股,2962420
HK.00256,冠城钟表珠宝,2928200
HK.02014,浩泽净水,2917650
HK.00611,中国核能科技,2915000
HK.00353,能源国际投资,2913780
HK.01706,双运控股,2907250
HK.00231,平安证券集团控股,2872780
HK.01415,高伟电子,2842237
HK.02000,晨讯科技,2793860
HK.08287,ZIONCOM,2785000
HK.00133,招商局中国基金,2773160
HK.01639,安捷利实业,2764600
HK.00034,九龙建业,2740580
HK.01678,中创环球,2690824
HK.00053,国浩集团,2690000
HK.01982,南旋控股,2670690
HK.01314,翠华控股,2653580
HK.00980,联华超市,2643310
HK.00702,中国油气控股,2639080
HK.01908,建发国际(一千),2631610
HK.00434,博雅互动,2611900
HK.01420,川控股,2596240
HK.00182,协合新能源,2577000
HK.01009,国际娱乐,2566360
HK.08325,中国支付通,2526800
HK.01609,创建集团控股,2515800
HK.00689,长盈集团(控股),2506616
HK.00235,中策集团,2497485
HK.00686,熊猫绿能,2496780
HK.01432,中国圣牧,2485370
HK.00061,绿领控股,2478452
HK.08037,中国生物科技服务,2468260
HK.06038,信越控股,2456700
HK.08137,洪桥集团,2452500
HK.00997,普汇中金国际,2431550
HK.08536,TL NATURAL GAS,2430100
HK.03081,价值黄金,2415082
HK.01220,志道国际,2399400
HK.00468,纷美包装,2397350
HK.02337,众诚能源,2367120
HK.01387,人和商业,2349108
HK.00129,泛海集团,2335250
HK.01526,瑞慈医疗,2312690
HK.00058,新威国际,2311435
HK.08073,兴业新材料,2298840
HK.00286,同佳健康,2295305
HK.01188,正道集团,2285174
HK.03303,巨涛海洋石油服务,2276200
HK.06168,中国优通,2268900
HK.01671,天保能源,2260640
HK.00503,朗生医药,2253790
HK.08136,英马斯集团,2226200
HK.00787,利标品牌,2220847
HK.01575,慕容控股,2204020
HK.00509,世纪阳光,2194342
HK.00894,万裕科技,2167080
HK.00703,佳景集团,2157000
HK.01591,汛和集团,2156660
HK.01557,剑虹集团控股,2152920
HK.06830,华众车载,2107560
HK.00821,汇盈控股,2103840
HK.01676,中国升海食品,2099080
HK.01509,和美医疗,2089000
HK.01115,西藏水资源,2088340
HK.01742,HPC HOLDINGS,2078300
HK.01848,中国飞机租赁,2076945
HK.00994,恒诚建筑,2065800
HK.00391,美亚娱乐资讯,2039750
HK.01107,当代置业,2032610
HK.02139,甘肃银行,2017160
HK.03336,巨腾国际,1995467
HK.01589,中国物流资产,1990945
HK.00850,投融长富,1983616
HK.08300,皇玺餐饮集团,1980520
HK.00568,山东墨龙,1980216
HK.00108,国锐地产,1964588
HK.01039,鑫网易商,1941550
HK.01375,中州证券,1921650
HK.01803,北京体育文化,1921075
HK.08421,永顺控股香港,1919600
HK.00996,嘉年华国际,1907650
HK.08328,信义香港,1906586
HK.01663,汉港控股,1906450
HK.01090,大明国际,1903500
HK.01175,鲜驰达控股,1893972
HK.00928,莲和医疗,1887614
HK.00052,大快活,1877550
HK.02236,惠生工程,1873372
HK.00426,万华媒体,1858060
HK.00886,银基集团,1851572
HK.00521,CWT INT’L,1845000
HK.00603,中油燃气,1843400
HK.00719,山东新华制药股份,1842660
HK.01373,国际家居零售,1827330
HK.00169,万达酒店发展,1801610
HK.02722,重庆机电,1790180
HK.00296,英皇娱乐酒店,1783050
HK.02199,维珍妮,1769730
HK.01866,中国心连心化肥,1768940
HK.01822,弘达金融控股,1766100
HK.03939,万国国际矿业,1758340
HK.00718,太和控股,1749550
HK.03683,荣丰联合控股,1747450
HK.00882,天津发展,1743120
HK.00735,中国电力清洁能源,1731775
HK.08147,汇思太平洋,1730844
HK.00098,兴发铝业,1726950
HK.08427,瑞强集团,1723120
HK.01281,隆基泰和智慧能源,1719560
HK.00364,区块链集团,1714551
HK.08462,桥英控股,1713600
HK.02113,东盈控股,1711800
HK.08293,星亚控股,1706000
HK.00357,航基股份,1696450
HK.00553,南京熊猫电子股份,1686460
HK.00126,佳宁娜,1683440
HK.01181,唐宫中国,1677420
HK.00573,稻香控股,1675230
HK.01546,德莱建业,1665520
HK.01610,中粮肉食,1654060
HK.00030,万隆控股集团,1642180
HK.01252,中国天瑞水泥,1638720
HK.00258,汤臣集团,1638700
HK.01172,勤达集团国际,1635700
HK.01560,星星地产,1627580
HK.01108,洛阳玻璃股份,1623880
HK.03709,珂莱蒂尔,1614250
HK.01345,中国先锋医药,1603620
HK.08413,亚洲杂货,1600670
HK.00217,中国诚通发展集团,1598730
HK.00888,贝森金融,1595960
HK.00085,中电华大科技,1593940
HK.00558,力劲科技,1591225
HK.01315,允升国际,1589104
HK.00484,云游控股,1589072
HK.00560,珠江船务,1584840
HK.01683,皇中国际,1580040
HK.00032,港通控股,1577272
HK.03393,威胜集团,1573200
HK.08179,新煮意控股,1572444
HK.08448,环球印馆,1560160
HK.00456,新城市建设发展,1555550
HK.06122,九台农商银行,1542320
HK.08410,安领国际,1539700
HK.00062,载通,1538900
HK.01679,瑞斯康集团,1537575
HK.00653,卓悦控股,1531284
HK.00539,冠华国际控股,1529204
HK.00704,和嘉资源,1527550
HK.03382,天津港发展,1526460
HK.02399,虎都,1522300
HK.01037,云智汇科技,1520543
HK.01222,宏安集团,1515380
HK.01239,金宝宝控股,1514840
HK.03389,亨得利,1508060
HK.08151,宝申控股,1502050
HK.00945,宏利金融-S,1494637
HK.00717,英皇证券,1492080
HK.00095,绿景中国地产,1490480
HK.02255,海昌海洋公园,1489140
HK.01224,中渝置地,1487830
HK.01132,橙天嘉禾,1486300
HK.03689,康华医疗,1475284
HK.01733,易大宗,1463670
HK.00771,自动系统,1459340
HK.00116,周生生,1455100
HK.02122,凯知乐国际,1451840
HK.03600,现代牙科,1443680
HK.08029,太阳国际,1442450
HK.00281,川河集团,1435620
HK.06099,招商证券,1429430
HK.08265,中国之信集团,1426880
HK.01282,中国金洋,1396440
HK.01191,中国中石控股,1376480
HK.01020,赛伯乐国际控股,1368540
HK.00207,大悦城地产,1365160
HK.00056,联合地产(香港),1364202
HK.00343,文化传信,1359260
HK.02100,百奥家庭互动,1352620
HK.01300,俊知集团,1346280
HK.01673,华章科技,1343200
HK.01583,亲亲食品,1337482
HK.02308,研祥智能,1330280
HK.01122,庆铃汽车股份,1311280
HK.08089,华人策略控股,1306854
HK.00900,AEON信贷,1298500
HK.01705,宾仕国际,1293800
HK.06829,龙升集团控股,1289350
HK.00043,卜蜂国际,1277300
HK.08326,同景新能源,1276850
HK.08275,永勤集团控股,1275350
HK.00197,亨泰,1274693
HK.02112,优库资源,1273920
HK.00097,恒基发展,1263410
HK.00903,冠捷科技,1262660
HK.01137,香港电视,1259120
HK.02008,凤凰卫视,1246660
HK.00798,中电光谷,1245400
HK.00445,中集天达,1237225
HK.00848,茂业国际,1235280
HK.02203,泰邦集团,1223500
HK.00993,华融金控,1214950
HK.01417,浦江中国,1211440
HK.00078,富豪酒店,1209000
HK.02120,康宁医院,1192405
HK.06865,福莱特玻璃,1191060
HK.08221,PF GROUP,1190640
HK.01486,思城控股,1189580
HK.01488,百福控股,1188720
HK.02320,合丰集团,1187500
HK.01141,民银资本,1186900
HK.00727,皇冠环球集团,1185560
HK.01076,博华太平洋,1175760
HK.03369,秦港股份,1174930
HK.00764,永恒策略,1172091
HK.02326,新源万恒控股,1168720
HK.00365,紫光控股,1161820
HK.00398,东方表行集团,1149280
HK.01665,槟杰科达,1148880
HK.08167,中国新电信,1147068
HK.00483,包浩斯国际,1139380
HK.01103,大生农业金融,1134832
HK.00420,福田实业,1134040
HK.03300,中国玻璃,1132040
HK.08183,尚捷集团控股,1131450
HK.02488,元征科技,1128885
HK.01685,博耳电力,1125610
HK.01358,普华和顺,1118650
HK.02623,爱德新能源,1116872
HK.00838,亿和控股,1108774
HK.06885,金马能源,1105300
HK.00221,易易壹金融,1104272
HK.00198,星美控股,1100344
HK.01165,顺风清洁能源,1097270
HK.00313,裕田中国,1089816
HK.02002,阳光纸业,1089245
HK.00499,青岛控股,1087652
HK.00912,信佳国际,1084780
HK.08522,德益控股,1068160
HK.01262,蜡笔小新食品,1067090
HK.01124,沿海家园,1066520
HK.00564,郑煤机,1057269
HK.00952,中国通海金融,1046200
HK.00497,资本策略地产,1044200
HK.01716,毛记葵涌,1042360
HK.08001,东方汇财证券,1022560
HK.01101,华荣能源,1021511
HK.00620,大唐西市,1019540
HK.02699,新明中国,1019280
HK.00543,太平洋网络,1019262
HK.00837,谭木匠,1017643
HK.00418,方正控股,1014120
HK.08470,莹岚集团,1012080
HK.01057,浙江世宝,1007770
HK.03395,PERSTA,1006270
HK.01552,BHCC HOLDING,1001525
HK.02698,魏桥纺织,1001435
HK.00519,实力建业,989900
HK.01608,伟能集团,985583
HK.00298,庄士中国,985172
HK.01195,京维集团,982152
HK.06839,云南水务,979600
HK.02116,江苏创新,973740
HK.01349,复旦张江,972300
HK.00613,渝港国际,971568
HK.01735,泓盈控股,970440
HK.00542,富元国际集团,958340
HK.00947,摩比发展,957220
HK.00851,盛源控股,957100
HK.02341,中怡国际,953380
HK.00367,庄士机构国际,953334
HK.00738,莱尔斯丹,950480
HK.08021,汇隆控股,948040
HK.01215,开源控股,944320
HK.00026,中华汽车,943120
HK.00269,中国资源交通,936515
HK.01718,宏基集团控股,927150
HK.00697,首长国际,927150
HK.00240,利基控股,923600
HK.00908,珠海控股投资,921580
HK.06189,爱得威建设集团,919750
HK.02016,浙商银行,911100
HK.08308,古兜控股,900920
HK.01126,德林国际,899780
HK.02383,TOM集团,894500
HK.06113,UTS MARKETING,889220
HK.01322,创达科技控股,887095
HK.00321,德永佳集团,885380
HK.00373,联合集团,883600
HK.01253,中国绿地博大绿泽,880320
HK.00580,赛晶电力电子,879220
HK.00376,云锋金融,876900
HK.08446,ITP HOLDINGS,872800
HK.01460,扬科集团,863684
HK.01588,畅捷通,857500
HK.02178,百勤油服,855330
HK.00619,南华金融,849850
HK.00747,渖阳公用发展股份,847170
HK.00488,丽新发展,842856
HK.08431,浩柏国际,835230
HK.02225,Kakiko Group,830150
HK.03848,富道集团,823170
HK.00567,大昌微线集团,822920
HK.00018,东方报业集团,821080
HK.08363,爵士芭蕾舞学院,817600
HK.02227,守益控股,812840
HK.08237,华星控股,812530
HK.00433,北方矿业,810160
HK.01858,春立医疗,802572
HK.01028,千百度,801550
HK.00299,新体育,799750
HK.01696,SISRAM MED,799040
HK.01439,移动互联(中国),798360
HK.03378,厦门港务,798300
HK.00435,阳光房地产基金,796080
HK.00309,新华通讯频媒,789020
HK.06816,瑞港建设,787380
HK.03344,共享集团,785730
HK.01143,华夏健康产业,784264
HK.01621,域高国际控股,782120
HK.00015,盈信控股,778260
HK.00662,亚洲金融,778200
HK.00605,中国金融投资管理,777060
HK.01884,EPRINT集团,775960
HK.00208,保利达资产,772800
HK.00623,中视金桥,772110
HK.00147,国际商业结算,771150
HK.00161,中航国际控股,770980
HK.00775,长江生命科技,760200
HK.00829,神冠控股,756140
HK.00627,福晟国际(五千),755680
HK.01216,中原银行,752610
HK.00274,中富资源,751762
HK.08026,长达健康,751560
HK.06868,天福,750710
HK.01881,富豪产业信托,749510
HK.08527,聚利宝控股,745550
HK.02010,瑞年国际,738040
HK.00312,岁宝百货,736920
HK.00776,帝国集团环球控股,730050
HK.02322,仁瑞投资,726000
HK.03833,新疆新鑫矿业,722620
HK.08447,MS CONCEPT,720850
HK.00411,南顺(香港),720380
HK.00031,航天控股,713606
HK.01826,达飞控股,713400
HK.06123,圆通速递国际,712980
HK.00033,亚投金融集团,712256
HK.00559,德泰新能源集团,711530
HK.00524,E-KONG,710508
HK.01555,MI能源,703300
HK.01164,中广核矿业,698100
HK.00622,威华达控股,695501
HK.00265,东胜旅游,690200
HK.08419,AV策划推广,681450
HK.08080,北亚策略,679144
HK.02028,映美控股,679020
HK.00216,建业实业,677760
HK.01667,进阶发展,663200
HK.00500,先丰服务集团,661600
HK.01080,胜利管道,659985
HK.08473,弥明生活百货,659450
HK.08366,浙江联合投资,658700
HK.00214,汇汉控股,657700
HK.00086,新鸿基公司,657685
HK.00555,御泰中彩控股,656461
HK.08118,濠亮环球,654120
HK.00953,邵氏兄弟控股,649200
HK.00986,中国环保能源,647884
HK.08071,中彩网通控股,645040
HK.01006,长寿花食品,643570
HK.00471,中播控股,640418
HK.02880,大连港,636856
HK.08041,荟萃国际(控股),633940
HK.01270,朗廷-SS,633100
HK.08367,倩碧控股,632760
HK.00575,励晶太平洋,632280
HK.08313,杰地集团,630300
HK.00194,廖创兴企业,628824
HK.01045,亚太卫星,628260
HK.00120,四海国际,626200
HK.00907,高雅光学,626140
HK.01421,工盖有限公司,624800
HK.00866,中国秦发,622720
HK.00825,新世界百货中国,620110
HK.03331,维达国际,616280
HK.08225,中国医疗集团,611600
HK.00571,丰德丽控股,603140
HK.00876,佳兆业健康,596900
HK.00593,梦东方,595910
HK.03636,保利文化,593492
HK.00334,华显光电,586809
HK.08047,中国海洋捕捞,586560
HK.00118,大同机械,586280
HK.01396,毅德国际,586180
HK.08030,汇联金融服务,578350
HK.03686,祈福生活服务,575300
HK.08170,KSL,574310
HK.01419,盈健医疗,573640
HK.01271,佳明集团控股,568450
HK.08487,ISP GLOBAL,567800
HK.02080,奥克斯国际,567720
HK.08437,德斯控股,567520
HK.00899,亚洲资源,567450
HK.01547,IBI GROUP HLDGS,564080
HK.00130,慕诗国际,563500
HK.03948,伊泰煤炭,563043
HK.02211,大健康国际,562385
HK.01627,安保工程控股,555008
HK.08347,F8企业,554440
HK.00088,大昌集团,552530
HK.01023,时代集团控股,549110
HK.01900,中国智能交通,548306
HK.06136,康达环保,543910
HK.08028,天时软件,543580
HK.06080,荣智控股,540240
HK.02212,高鹏矿业,540020
HK.08217,联旺集团,538970
HK.08267,蓝港互动,537676
HK.01265,天津津燃公用,535800
HK.00672,众安房产,533006
HK.01633,上谕集团,532050
HK.01200,美联集团,530640
HK.00498,保华集团,528248
HK.08055,中国网络信息科技,527600
HK.00040,金山工业,524930
HK.00342,新海能源,518991
HK.08400,亚洲先锋娱乐,511760
HK.08452,富银融资股份,508700
HK.08415,乐嘉思控股,507390
HK.03788,中国罕王,504690
HK.00346,延长石油国际,502920
HK.01127,狮子山集团,502400
HK.00872,启迪国际,498020
HK.00361,顺龙控股,496900
HK.01711,欧化,495600
HK.08436,德宝集团控股,494350
HK.00044,香港飞机工程,492700
HK.08479,金泰丰国际控股,491920
HK.01182,胜龙国际,491350
HK.01523,珩湾科技,488240
HK.00987,中国再生能源投资,486221
HK.02266,黎氏企业,485840
HK.01722,建鹏控股,485100
HK.02448,恒宇集团,484725
HK.02222,雷士照明,483910
HK.00682,超大现代,482320
HK.02239,国微技术,482000
HK.00122,鳄鱼恤,481380
HK.08401,源想集团,479500
HK.00038,第一拖拉机股份,475220
HK.00911,前海健康,474980
HK.00218,申万宏源,473150
HK.00154,北京控股环境集团,472070
HK.00009,九号运通,471450
HK.00163,英皇国际,471220
HK.00595,先思行,468530
HK.08043,ATLINKS,466825
HK.01771,新丰泰集团,466430
HK.02363,通达宏泰,466097
HK.00094,绿心集团,466000
HK.03838,中国淀粉,465275
HK.00959,奥玛仕国际,462884
HK.00149,中国农产品交易,461265
HK.00715,中泛控股,459250
HK.02368,鹰美,458180
HK.02226,老恒和酿造,457680
HK.01400,宏太控股,455940
HK.01581,进升集团控股,453200
HK.03355,先进半导体,451900
HK.06893,衍生集团,451560
HK.00536,贸易通,451480
HK.01933,元力控股,449920
HK.00852,海峡石油化工,444500
HK.02299,百宏实业,443260
HK.01737,亚洲实业集团,441450
HK.00153,中国赛特,441300
HK.00716,胜狮货柜,439340
HK.01538,中奥到家,437610
HK.08451,日光控股,434400
HK.00833,华讯,434270
HK.08521,智纺国际控股,433675
HK.00746,理文化工,432840
HK.00936,鹏程亚洲,432400
HK.00275,凯华集团,422150
HK.08402,GT STEEL GROUP,419600
HK.00228,中能控股,418314
HK.02686,亚美能源,418190
HK.08349,美固科技控股,415700
HK.08107,威诚国际控股,413420
HK.08102,利宝阁集团,412250
HK.01301,德基科技控股,409680
HK.00626,大众金融控股,408280
HK.00840,天业节水,407600
HK.03699,光大永年,407380
HK.00713,世界(集团),406300
HK.08426,雅居投资控股,405860
HK.00526,利时集团控股,403920
HK.00326,中国星集团,400823
HK.08226,树熊金融集团,394016
HK.01470,富一国际控股,393960
HK.01232,金轮天地控股,392080
HK.02327,美瑞健康国际,391860
HK.02345,上海集优,388380
HK.00158,万邦投资,386500
HK.00036,远东控股国际,383490
HK.00340,中国矿业(新),381570
HK.01277,力量能源,381300
HK.01340,惠生国际,381280
HK.01962,训修实业,377080
HK.00862,远见控股,371585
HK.00610,惠记集团,370420
HK.00204,中国投资开发,368360
HK.02393,巨星医疗控股,367625
HK.00685,世界华文媒体,365890
HK.00661,中国大冶有色金属,365626
HK.03903,瀚华金控,365460
HK.08535,荧德控股,361520
HK.00800,A8新媒体,361000
HK.00666,新工投资,359880
HK.00550,KK文化,357000
HK.03315,金邦达宝嘉,356440
HK.01327,时间由你,355330
HK.00869,彩星玩具,354070
HK.08241,英记茶庄集团,351850
HK.00064,结好控股,349880
HK.01053,重庆钢铁股份,347720
HK.08299,大唐潼金,347708
HK.01730,LHN,346400
HK.03822,三和建筑集团,341940
HK.00259,亿都(国际控股),340300
HK.00901,鹰力投资,334580
HK.01202,成都普天电缆股份,333920
HK.00616,高山企业,332360
HK.00057,震雄集团,332100
HK.01096,中能国际控股,330694
HK.00430,东方网库,329548
HK.01707,致浩达控股,327440
HK.00305,五菱汽车,326750
HK.01321,中国新城市,324660
HK.08198,乐透互娱,322352
HK.02166,芯智控股,321560
HK.01198,皇朝家私,319400
HK.08510,TOPSTANDARDCORP,319160
HK.08103,万泰企业股份,318655
HK.03708,日成控股,316975
HK.00055,中星集团控股,315640
HK.06838,盈利时,314660
HK.03698,徽商银行,311950
HK.02068,中铝国际,311810
HK.02031,澳至尊,308700
HK.01522,京投交通科技,307200
HK.01355,^F国际,305460
HK.00160,汉国置业,304280
HK.01184,时捷集团,302480
HK.01365,润东汽车,302130
HK.08113,扬宇科技,301393
HK.00757,阳光能源,300144
HK.00985,中誉集团,298859
HK.03322,永嘉集团,298440
HK.00389,通天酒业,298400
HK.02378,保诚,296800
HK.00292,泛海酒店,295850
HK.08256,金利通,294324
HK.00387,力丰(集团),291200
HK.00287,永发置业,290920
HK.00260,幸福控股,289170
HK.01738,飞尚无烟煤,288650
HK.02339,京西国际,286913
HK.00904,中绿,285338
HK.00280,景福集团,284170
HK.00112,勒泰商业地产,283300
HK.03363,正业国际,280280
HK.01989,松龄护老集团,279760
HK.01990,兴华港口,279420
HK.01520,华信金融投资,278640
HK.08315,冠辉集团控股,276560
HK.03623,中国金融发展,275080
HK.00948,融达控股,274909
HK.00529,新龙国际,274400
HK.08301,明华科技,272960
HK.00091,标准资源控股,272675
HK.03882,天彩控股,271480
HK.01180,汇彩控股,269090
HK.01362,新龙移动,268160
HK.01551,广州农商银行,268090
HK.00769,中国稀土,266970
HK.01578,天津银行,265530
HK.08345,火岩控股,264460
HK.00180,开达集团,262920
HK.00125,新兴光学,262480
HK.01290,中国汇融,262040
HK.03999,大成食品,261995
HK.00841,木薯资源,260200
HK.01496,亚积邦租赁,256420
HK.08291,万成金属包装,256300
HK.02366,星美文化旅游,256200
HK.08445,怡康泰工程集团,256000
HK.00487,实德环球,255980
HK.00348,中国智能健康,255040
HK.01087,威讯控股,252280
HK.08350,骏溢环球金融,252080
HK.01469,结好金融,251875
HK.01596,翼辰实业,251820
HK.00051,海港企业,250700
HK.00227,第一上海,250480
HK.08321,泰锦控股,250080
HK.00195,绿科科技国际,249900
HK.02700,格林国际控股,249360
HK.08192,环球能源资源,248160
HK.01938,珠江钢管,246170
HK.00752,笔克远东,246120
HK.06288,迅销,245175
HK.08422,WT集团,244700
HK.02309,伯明翰体育,244220
HK.00236,香港生力啤,243900
HK.08463,TOMO HOLDINGS,243120
HK.08377,申酉控股,242950
HK.02312,中国金融租赁,241000
HK.00690,联康生物科技集团,239680
HK.00844,广泰国际控股,238360
HK.00290,中国富强金融,238354
HK.01185,中国航天万源,236890
HK.03966,中国宝丰国际,236060
HK.00222,闽信集团,235480
HK.02882,香港资源控股,235028
HK.00803,昌兴国际,234240
HK.08356,中国新华电视,229630
HK.00362,中国天化工,229572
HK.02307,锦兴国际控股,228540
HK.00380,冠力国际,227640
HK.08460,基地锦标集团,227260
HK.00979,绿色能源科技集团,226960
HK.00878,金朝阳集团,226757
HK.00710,京东方精电,226420
HK.00505,欢悦互娱,226140
HK.08142,德利机械,224700
HK.01148,新晨动力,224440
HK.01426,春泉产业信托,224420
HK.01580,大森控股,223850
HK.08513,迎宏控股,223400
HK.08407,兴证国际,221680
HK.01319,霭华押业信贷,219720
HK.02023,中国绿岛科技,219080
HK.08391,精雅印刷集团,218360
HK.02371,创联教育金融,218092
HK.01219,天喔国际,217100
HK.00397,权威金融,216364
HK.01808,企展控股,215904
HK.08193,汉华专业服务,215740
HK.02323,中国港桥,215320
HK.00889,连达科技控股,212840
HK.01985,美高域,211760
HK.00381,侨雄国际,211540
HK.00255,龙记集团,210740
HK.00408,叶氏化工集团,210580
HK.00417,谢瑞麟,210380
HK.00138,中建富通,210168
HK.03666,国际天食,209860
HK.01637,顺兴集团控股,208900
HK.08079,易还财务投资,207875
HK.01135,亚洲卫星,207380
HK.00183,宏辉集团,206424
HK.00047,合兴集团,205788
HK.01495,集一家居,205000
HK.01556,建业建荣,204425
HK.00722,联合医务,204000
HK.08333,阿仕特朗金融,203475
HK.00025,其士国际,203200
HK.01699,普甜食品,201400
HK.01430,苏创燃气,200600
HK.08340,域高金融,198750
HK.00355,世纪城市国际,195871
HK.00143,国安国际,195398
HK.01201,天臣控股,195120
HK.00464,建福集团,193440
HK.00199,德祥地产,192219
HK.00416,锦州银行,192190
HK.08372,君百延集团,191380
HK.01452,迪诺斯环保,190980
HK.01498,培力控股,190695
HK.00801,金卫医疗,190680
HK.08406,合宝丰年,189750
HK.00210,达芙妮国际,188980
HK.08457,健升物流中国,188590
HK.01094,中国公共采购,187876
HK.00910,中国三迪,187160
HK.00617,百利保控股,186840
HK.03678,弘业期货,184600
HK.01543,中盈盛达融资担保,183740
HK.08245,安悦国际控股,183315
HK.01063,新确科技,183230
HK.01050,嘉利国际,182400
HK.02025,瑞丰动力,182320
HK.00711,亚洲联合基建控股,181520
HK.01260,皓天财经集团,180543
HK.00295,江山控股,179850
HK.00393,旭日企业,179520
HK.00640,星谦发展,179160
HK.00225,博富临置业,178960
HK.01447,新福港,178340
HK.00721,中国金融国际,177740
HK.08091,奥传思维控股,177410
HK.01097,有线宽频,177250
HK.00706,美丽中国控股,177050
HK.00237,安全货仓,176400
HK.08050,量子思维,175960
HK.01026,环球实业科技,175100
HK.08409,海鑫集团,174700
HK.01655,OKURA HOLDINGS,174400
HK.00830,远东环球,173480
HK.08020,宏海控股集团,173400
HK.00618,北大资源,173390
HK.02738,华津国际控股,173000
HK.01110,金活医药集团,172800
HK.03816,KFM金德,171720
HK.08526,荣丰集团亚洲,171400
HK.00239,白花油,167695
HK.00311,联泰控股,167070
HK.01226,中国投融资,166820
HK.00712,卡姆丹克太阳能,166144
HK.08260,银合控股,165900
HK.02066,盛京银行,165580
HK.01461,鲁证期货,165520
HK.01341,昊天国际建投,165520
HK.08240,展程控股,165010
HK.00684,亚伦国际,163400
HK.06880,腾邦控股,162960
HK.08090,中国融保金融集团,162840
HK.00223,易生活控股,162132
HK.00982,华金国际资本,160820
HK.00532,王氏港建,160500
HK.08379,汇安智能,160420
HK.00191,丽新国际,160260
HK.00076,南海石油,159136
HK.08507,爱世纪集团,158520
HK.01075,首都信息,158250
HK.00858,精优药业,157460
HK.08532,宝发控股,157056
HK.00436,新宇环保,154600
HK.00922,安贤园中国,154320
HK.01305,伟志控股,153730
HK.08117,中国基础能源,152178
HK.01456,国联证券,151960
HK.08067,东方大学城控股,151400
HK.02086,海航科技投资,151200
HK.01389,美捷汇控股,150852
HK.00106,朗诗绿色集团,150840
HK.00104,冠亚商业,150675
HK.08282,智傲控股,150440
HK.02277,华融投资股份,150250
HK.01049,时富投资,149862
HK.02292,晋安实业,149300
HK.08195,乐亚国际,149140
HK.08116,中国幸福投资,147920
HK.00226,力宝,147220
HK.01237,中科生物,146731
HK.08442,桦欣控股,144380
HK.00071,美丽华酒店,144020
HK.00720,意达利控股,143900
HK.06139,金茂酒店-SS,143835
HK.01348,甏锔豢毓,143620
HK.01062,国开国际投资,142500
HK.01393,恒鼎实业,142445
HK.03878,VICON HOLDINGS,141040
HK.08247,中生北控生物科技,140900
HK.02683,华新手袋国际控股,140460
HK.00157,自然美,140300
HK.02118,天山发展控股,140040
HK.00021,大中华地产控股,139255
HK.01613,协同通信,135139
HK.00515,达进东方照明,134946
HK.00402,天下图控股,134630
HK.08186,同仁资源,134593
HK.00675,坚宝国际,134520
HK.00351,亚洲能源物流,133050
HK.08272,华人饮食集团,132600
HK.06163,彭顺国际,131900
HK.00079,世纪建业,131432
HK.00804,鼎石资本,130750
HK.08342,飞思达科技,130500
HK.01446,鸿福堂,130280
HK.00278,华厦置业,129600
HK.01616,星宏传媒,129020
HK.06196,郑州银行,128600
HK.00229,利民实业,128480
HK.01273,香港信贷,128440
HK.00065,弘海高新资源,128270
HK.08007,环球战略集团,127380
HK.00114,兴利集团,126400
HK.00809,大成生化科技,126370
HK.00479,华建控股,125560
HK.02878,晶门科技,125460
HK.00602,佳华百货控股,125175
HK.06161,泰加保险,123600
HK.03839,正大企业国际,123391
HK.03789,御佳控股,122480
HK.08066,品创控股,121650
HK.08040,DCB控股,118650
HK.00156,力宝华润,117500
HK.01091,中信大锰,117065
HK.01022,飞鱼科技,116580
HK.01856,依波路,116370
HK.01259,中国儿童护理,116030
HK.01255,港大零售,115920
HK.08355,超智能控股,115500
HK.08150,无缝绿色,115170
HK.00202,润中国际控股,115025
HK.08238,惠陶集团,114992
HK.00975,蒙古焦煤,114494
HK.00060,香港食品投资,114240
HK.08023,邝文记,113820
HK.00109,天成国际,113610
HK.00733,合富辉煌,113140
HK.01278,中国新城镇,112568
HK.01104,亚太资源,108870
HK.02088,西王置业,108450
HK.08411,K W NELSON GP,108400
HK.00527,瑞风新能源,108200
HK.00765,威发国际,107120
HK.08143,华夏医疗,106880
HK.00250,中国数码信息,106790
HK.08361,中国育儿网络,106450
HK.00630,隽泰控股,106280
HK.00395,中国智能集团,105992
HK.00976,齐合环保,105700
HK.00244,先施,105465
HK.00211,大凌集团,104699
HK.08358,卓珈控股,104687
HK.06896,金嗓子,104445
HK.00209,瀛晟科学,103840
HK.00475,中发展控股,103760
HK.02218,安德利果汁,103156
HK.01388,安莉芳控股,102730
HK.08425,兴铭控股,102400
HK.02668,百德国际,100800
HK.01207,上置集团,100456
HK.00679,亚洲联网科技,100300
HK.01836,九兴控股,100150
HK.08346,创新电子控股,100100
HK.08370,智升集团控股,99280
HK.00105,凯联国际酒店,99200
HK.00540,迅捷环球控股,99160
HK.03778,中国织材控股,98720
HK.08495,1957 & CO.,98060
HK.08309,万成环球控股,98000
HK.08063,环球大通集团,95860
HK.00370,国华,94700
HK.08200,修身堂,93840
HK.00238,长兴国际,92360
HK.01231,新矿资源,92280
HK.08319,思博系统,91460
HK.03830,童园国际,90950
HK.08005,裕兴科技,90580
HK.00759,CEC国际,90240
HK.03889,大成糖业,90042
HK.08481,盛龙锦秀国际,90000
HK.08081,互娱中国,90000
HK.02111,超盈国际控股,89100
HK.00681,中民控股,87945
HK.08239,首都金融控股,87353
HK.00510,时富金融服务集团,86623
HK.03332,中生联合,85800
HK.00565,锦艺集团控股,85500
HK.01008,贵联控股,85420
HK.08153,科地农业,85317
HK.06888,英达公路再生科技,85205
HK.03313,雅高控股,84715
HK.08171,中国趋势,84560
HK.08203,凯顺能源,84380
HK.01695,椰丰集团,84325
HK.08383,东骏控股,84200
HK.01296,国电科环,83910
HK.01468,英裘控股,82960
HK.01170,信星集团,82840
HK.01568,承达集团,82500
HK.00037,远东酒店实业,81340
HK.08201,宝联控股,80143
HK.00110,中国长远,80100
HK.00077,进智公共交通,79580
HK.01085,亨鑫科技,78840
HK.02302,中核国际,77840
HK.08450,钜京控股,77720
HK.08329,海王英特龙,77600
HK.00896,兴胜创建,77260
HK.08230,中国宇天,77000
HK.00831,利亚零售,76960
HK.02221,创业集团控股,76760
HK.00538,味千(中国),76100
HK.01118,高力集团,75800
HK.01838,中国地产,75760
HK.08295,中植资本国际,75000
HK.08085,香港生命科学,73900
HK.00822,嘉瑞国际,73630
HK.01450,世纪睿科,73530
HK.00187,京城机电股份,73440
HK.02213,益华控股,72680
HK.01326,传递娱乐,72312
HK.01338,霸王集团,72006
HK.08429,冰雪集团,71050
HK.03768,滇池水务,70930
HK.08506,福纺控股,70584
HK.00637,利记,70200
HK.01046,寰宇国际金融,70000
HK.00923,综合环保集团,69886
HK.01218,永义国际,69720
HK.08130,智城控股,68920
HK.00042,东北电气,68360
HK.02788,精熙国际,67560
HK.01370,奥威控股,67520
HK.08013,ECI TECH,66480
HK.01635,大众公用,65650
HK.01002,威铖国际,65448
HK.08065,高萌科技,64600
HK.08108,福泽集团,64464
HK.08125,仁德资源,64000
HK.00638,建溢集团,63700
HK.08271,环球数码创意,63360
HK.08485,竣球控股,62440
HK.02133,中国多金属,62130
HK.00731,森信纸业集团,62000
HK.01418,盛诺集团,61520
HK.02358,久融控股,61340
HK.02324,首都创投,61196
HK.00360,新焦点,60720
HK.08416,HM INTL HLDGS,60675
HK.00736,中国置业投资,60578
HK.06899,联众,60236
HK.03638,华邦金融,59640
HK.00432,盈大地产,58950
HK.00988,丝路物流控股,58945
HK.01247,米格国际控股,58720
HK.01246,保集健康,58120
HK.00897,位元堂,58020
HK.00827,玖源集团,57904
HK.02017,沧海控股,57540
HK.01612,永胜医疗,57540
HK.01178,汇银控股集团,57120
HK.01249,通力电子,57079
HK.00185,正恒国际控股,57000
HK.02336,海亮国际,56620
HK.08246,北方新能源,56560
HK.01682,华隆金控,56560
HK.03626,HSSP INTL,56060
HK.00929,国际精密,56000
HK.00531,顺诚,55600
HK.03737,中智药业,55130
HK.00871,中国疏浚环保,54840
HK.00117,天利控股集团,54760
HK.08353,安科系统,53970
HK.01189,珀丽酒店,53880
HK.00767,亚太丝路投资,53880
HK.00926,碧生源,53795
HK.02317,味丹国际,53720
HK.08112,基石金融,53569
HK.00628,国美金融科技,52720
HK.06188,迪信通,51600
HK.01395,强泰环保,51300
HK.00469,凯普松国际,51280
HK.02193,万景控股,51200
HK.08123,华亿金控,50892
HK.00935,龙翔集团,50460
HK.00206,TSC集团,49560
HK.01285,嘉士利集团,48870
HK.01312,同方康泰,48810
HK.00518,同得仕(集团),48600
HK.00474,昊天发展集团,47250
HK.00641,中国恒天立信国际,46880
HK.01868,同方友友,46185
HK.00048,中国汽车内饰,46150
HK.01606,国银租赁,46020
HK.08257,靖洋集团,45940
HK.08250,丝路能源,45680
HK.00243,品质国际,45415
HK.08509,威扬酒业控股,45200
HK.08285,森浩集团,45150
HK.08519,JIA GROUP,45090
HK.00131,卓能(集团),45000
HK.08197,北斗嘉药业,44900
HK.08133,铸能控股,44720
HK.08009,华夏能源控股,44614
HK.08296,中国生命集团,44500
HK.02886,滨海投资,44072
HK.01027,中国集成控股,44050
HK.01626,旅业国际,43760
HK.00146,太平地毡,43700
HK.06866,佐力小贷,43380
HK.01010,太睿国际控股,43040
HK.08220,比高集团,42940
HK.08432,太平洋酒吧,42540
HK.01082,香港教育国际,42400
HK.00632,东方明珠石油,42365
HK.00399,领航医药生物科技,42325
HK.00166,新时代能源,42199
HK.08199,中国万桐园,41850
HK.08018,汇财金融投资,41580
HK.01229,南南资源,40960
HK.00145,香港建屋贷款,40784
HK.01483,誉宴集团,40600
HK.02121,一化控股,40000
HK.08166,中国农业生态,39860
HK.02286,辰兴发展,39400
HK.08405,恒智控股,39160
HK.01549,永丰集团控股,39120
HK.00646,中国环保科技,39064
HK.00276,蒙古能源,38974
HK.02340,升捷控股,38880
HK.01036,万科置业海外,38320
HK.00724,瑞鑫国际集团,38090
HK.01064,中华国际,37910
HK.00070,金粤控股,37900
HK.01693,璋利国际,37200
HK.00320,金宝通,37200
HK.00159,布莱克万矿业,37148
HK.01190,航标控股,37008
HK.08337,直通电讯,36760
HK.00794,锦胜集团(控股),36240
HK.08277,骏东控股,35960
HK.01173,威高国际,35680
HK.00188,新华汇富金融,35630
HK.08190,康佰控股,35510
HK.00359,海升果汁,35000
HK.00533,金利来集团,34880
HK.08109,麒麟集团控股,34666
HK.01335,顺泰控股,34340
HK.00115,钧濠集团,34250
HK.00449,志高控股,33852
HK.08376,方圆房服集团,33660
HK.00927,富士高实业,33600
HK.00854,威雅利,32770
HK.01386,国投集团控股,32180
HK.08501,庄皇集团公司,31880
HK.00442,海福德集团,31620
HK.08316,柏荣集团控股,31500
HK.00366,陆氏集团(越南),31440
HK.08161,医汇集团,31350
HK.01121,宝峰时尚,31100
HK.01878,南戈壁-S,30830
HK.01217,中国创新投资,30080
HK.00329,东建国际,29840
HK.00459,美联工商铺,29525
HK.00842,理士国际,28350
HK.08493,龙皇集团,28212
HK.01397,碧瑶绿色集团,28160
HK.01380,中国金石,27928
HK.00261,中建置地,27920
HK.08093,万星控股,27750
HK.01221,信和酒店,27749
HK.02379,中天国际,27520
HK.08472,立高控股,27450
HK.08251,优越集团控股,27300
HK.02789,远大中国,27000
HK.00913,合一投资,26805
HK.08480,飞霓控股,26580
HK.08048,御德国际控股,26392
HK.00609,天德化工,26360
HK.08243,大贺传媒,26250
HK.01991,大洋集团,26060
HK.08455,礼建德集团,26000
HK.02223,卡撒天娇,25980
HK.00444,先施表行,25150
HK.00990,荣晖国际,24970
HK.00650,IDG能源,24800
HK.00093,添利工业,24690
HK.08412,高门集团,24600
HK.01662,义合控股,24160
HK.01328,精英国际,24130
HK.02281,兴泸水务,23700
HK.08049,吉林长龙药业,23680
HK.08236,宝德科技集团,23590
HK.08120,国农金融投资,23500
HK.08312,中国瀚亚,23450
HK.00476,中国动力控股,22720
HK.00403,星光集团,22640
HK.00875,中国金控,22280
HK.00495,百利大,22235
HK.00726,中民筑友科技,22060
HK.00328,爱高集团,22000
HK.08088,海汇国际科技,21784
HK.02288,宏基资本,21760
HK.08242,宏创高科,21710
HK.08465,高科桥,21600
HK.08456,民信国际控股,21380
HK.08297,芭迪贝伊,21175
HK.00723,永保林业,21114
HK.06882,东瀛游,21000
HK.08152,明梁控股,20700
HK.00412,中国山东高速金融,20520
HK.00205,财讯传媒,20365
HK.00379,恒嘉融资租赁,20230
HK.01206,同方泰德,20100
HK.06898,中国铝罐,20080
HK.00248,香港通讯国际控股,20020
HK.08031,易通讯集团,20000
HK.08062,俊盟国际,19800
HK.08362,运兴泰集团,19480
HK.00893,中国铁钛,19375
HK.01586,中国力鸿,19160
HK.01629,盟科控股,18960
HK.08046,恒芯中国,18864
HK.08196,建禹集团,18760
HK.00674,中国唐商,18744
HK.00885,仁天科技控股,18450
HK.01372,比速科技,18160
HK.01105,星岛,17680
HK.08365,建泉国际控股,17600
HK.08269,富誉控股,17473
HK.08052,陆庆娱乐,17330
HK.00969,华联国际,17088
HK.08181,港深联合,16800
HK.00472,新丝路文旅,16800
HK.00938,民生国际,16600
HK.01480,恩达集团控股,16500
HK.01047,毅兴行,16200
HK.00678,云顶香港,16000
HK.08290,亚势备份,15840
HK.00651,中海重工,15515
HK.00766,中盈集团控股,15470
HK.00090,琥珀能源,15360
HK.00172,金榜集团,15340
HK.08162,港银控股,14400
HK.08092,ITE HOLDINGS,14400
HK.00557,天元医疗,14220
HK.00167,万威国际,13750
HK.00491,英皇文化产业,13460
HK.00193,冠中地产,13174
HK.00600,中国基建投资,13100
HK.00482,圣马丁国际,13100
HK.08523,常满控股,12750
HK.00121,卜蜂莲花,12500
HK.08121,超凡网络,12220
HK.00423,经济日报集团,11360
HK.00768,开明投资,11304
HK.01245,NIRAKU,11300
HK.01152,正乾金融控股,11250
HK.01697,山东国信,10580
HK.00834,康大食品,10400
HK.08149,浩德控股,10050
HK.08395,齐家控股,9920
HK.01559,均安控股,9800
HK.00263,高富集团控股,9628
HK.08281,中国金典集团,9600
HK.01993,雅仕维,9520
HK.00176,先机企业集团,9230
HK.00099,王氏国际,8910
HK.02289,创美药业,8780
HK.00745,中国国家文化产业,8760
HK.02863,高丰集团控股,8730
HK.00111,信达国际控股,8700
HK.08371,尝高美集团,8640
HK.02310,申基国际,8580
HK.08270,中国煤层气,8400
HK.00701,北海集团,8000
HK.08428,国茂控股,7848
HK.01975,新兴印刷,7520
HK.00984,永旺,7515
HK.00898,万事昌国际,7040
HK.00643,恒富控股,6800
HK.00428,汇嘉中国,6760
HK.08111,中科光电,6210
HK.01799,新特能源,6160
HK.01210,克莉丝汀,5700
HK.00660,伟俊矿业集团,5500
HK.01476,恒投证券,5350
HK.01150,米兰站,5130
HK.00075,渝太地产,4900
HK.00282,壹传媒,4770
HK.00234,新世纪集团,4698
HK.08027,吉辉控股,4665
HK.08375,弘浩国际控股,4620
HK.08035,骏高控股,4600
HK.08006,华泰瑞银,4531
HK.00730,首长四方,3860
HK.08212,誉满国际控股,3816
HK.08280,中国数字视频,3720
HK.06833,兴科蓉医药,3680
HK.00919,现代美容,3520
HK.00072,现代传播,3480
HK.08317,财华社集团,3360
HK.08311,圆美光电,2900
HK.00294,长江制衣,2900
HK.00063,中国烯谷集团,2845
HK.08072,罗马集团,2820
HK.08476,大洋环球控股,2720
HK.01500,现恒建筑,2700
HK.01272,大唐环境,2690
HK.06822,科劲国际,2660
HK.00485,中国华星,2600
HK.01656,亿仕登控股,2560
HK.00213,乐声电子,2420
HK.08249,瑞远智控,2290
HK.01275,开元产业信托,2200
HK.00635,彩星集团,2200
HK.01192,泰山石化,2066
HK.00814,北京京客隆,1930
HK.00657,环科国际,1750
HK.00663,金山能源,1500
HK.00333,黛丽斯国际,1240
HK.01069,中国农林低碳,1220
HK.00310,嘉进投资国际,1200
HK.03828,明辉国际,1190
HK.01013,伟俊集团控股,1102
HK.01227,国盛投资,1080
HK.00865,建德国际控股,1076
HK.00918,国能国际资产,890
HK.03398,华鼎控股,770
HK.00092,冠军科技,509
HK.01146,中国服饰控股,500
HK.08163,万德金融,351
HK.08132,中油港燃,330
HK.01142,西伯利亚矿业,300
HK.08019,皓文控股,284
HK.00401,万嘉集团,230
HK.83168,恒生人币金ETF,0
HK.80737,合和公路基建-R,0
HK.08572,修身堂股权,0
HK.08571,讯智海(旧),0
HK.08567,品创控股(旧),0
HK.08566,同仁资源(旧),0
HK.08561,环球能源资源 旧,0
HK.08553,华人饮食(旧),0
HK.08471,新达控股,0
HK.08439,新百利融资,0
HK.08369,立基工程控股,0
HK.08368,中国创意控股,0
HK.08348,滨海泰达物流,0
HK.08343,宏光照明,0
HK.08341,艾硕控股,0
HK.08336,电讯数码控股,0
HK.08331,飞尚非金属,0
HK.08327,泰邦集团,0
HK.08320,沛然环保,0
HK.08318,正利控股,0
HK.08307,密迪斯肌,0
HK.08306,中国有色金属,0
HK.08286,长城微光,0
HK.08278,CMON,0
HK.08273,浙江展望,0
HK.08268,迪臣建设,0
HK.08262,宏强控股,0
HK.08261,海天能源,0
HK.08258,西北实业,0
HK.08255,神州数字,0
HK.08252,泰和小贷,0
HK.08235,赛迪顾问,0
HK.08233,中国基建港口,0
HK.08229,FUTURE DATA,0
HK.08222,壹照明,0
HK.08218,毅高国际控股,0
HK.08216,百本医护,0
HK.08215,第一信用,0
HK.08213,新智控股,0
HK.08211,浙江永安,0
HK.08206,神通机器人教育,0
HK.08205,交大慧谷,0
HK.08202,汇创控股,0
HK.08189,泰达生物,0
HK.08187,积木集团,0
HK.08182,中国糖果,0
HK.08178,中国信息科技,0
HK.08177,REF Holdings,0
HK.08176,超人智能,0
HK.08175,中国数码文化,0
HK.08173,万亚企业控股,0
HK.08172,拉近网娱,0
HK.08169,环康集团,0
HK.08165,华普智通,0
HK.08160,GOLDWAY EDU,0
HK.08159,辉煌科技,0
HK.08155,南华资产控股,0
HK.08145,电讯首科,0
HK.08141,应力控股,0
HK.08139,长安仁恒,0
HK.08135,正美丰业,0
HK.08131,辰罡科技,0
HK.08129,云信投资控股,0
HK.08128,中国地能,0
HK.08127,云裳衣,0
HK.08126,G.A.控股,0
HK.08122,德莱建业,0
HK.08119,即时科研,0
HK.08115,上海青浦消防,0
HK.08106,升华兰德,0
HK.08098,昌利控股,0
HK.08097,鼎石资本,0
HK.08087,中国三三传媒,0
HK.08077,昆仑国际金融,0
HK.08076,新利软件,0
HK.08075,寰亚传媒,0
HK.08070,侨洋国际控股,0
HK.08069,纵横游控股,0
HK.08061,光亚,0
HK.08060,国联通信,0
HK.08056,饮食概念,0
HK.08053,比优集团,0
HK.08051,讯智海,0
HK.08045,南大苏富特,0
HK.08038,金力集团,0
HK.08033,爱达利网络,0
HK.08025,亚洲资产,0
HK.08016,长虹佳华,0
HK.08012,环宇物流(亚洲),0
HK.08011,百田石油,0
HK.08003,世大控股,0
HK.06863,辉山乳业,0
HK.06133,维太移动,0
HK.06108,新锐医药,0
HK.06090,胜捷企业,0
HK.03963,融众金融,0
HK.03893,易纬集团,0
HK.03886,康健国际医疗,0
HK.03869,弘和仁爱医疗,0
HK.03868,群星纸业,0
HK.03866,青岛银行,0
HK.03823,德普科技,0
HK.03777,中国光纤,0
HK.03663,协众国际控股,0
HK.03639,亿达中国,0
HK.03628,仁恒实业控股,0
HK.03335,DBA电讯,0
HK.02898,龙润茶,0
HK.02889,镍资源国际,0
HK.02608,阳光100中国,0
HK.02468,创益太阳能,0
HK.02398,友佳国际,0
HK.02369,酷派集团,0
HK.02349,中国城市基础设施,0
HK.02330,中国上城,0
HK.02300,澳科控股,0
HK.02278,海蓝控股,0
HK.02229,长港敦信,0
HK.02228,中国节能海东青,0
HK.02168,盈德气体,0
HK.02123,金盾控股,0
HK.02078,荣阳实业,0
HK.02011,开易控股,0
HK.01998,飞克国际,0
HK.01932,中漆集团,0
HK.01910,新秀丽,0
HK.01886,汇源果汁,0
HK.01863,中国龙天集团,0
HK.01831,十方控股,0
HK.01823,华昱高速,0
HK.01819,富贵鸟,0
HK.01702,东光化工,0
HK.01698,博士蛙国际,0
HK.01669,环球信贷集团,0
HK.01649,内蒙古能建,0
HK.01625,翔辉矿业,0
HK.01619,天合化工,0
HK.01577,汇鑫小贷,0
HK.01570,伟业控股,0
HK.01561,万辉化工,0
HK.01532,中国派对文化,0
HK.01527,天洁环境,0
HK.01492,中地乳业,0
HK.01459,巨匠建设,0
HK.01443,富临集团控股,0
HK.01399,飞毛腿,0
HK.01369,五洲国际,0
HK.01353,诺奇,0
HK.01329,首创钜大,0
HK.01318,格菱控股,0
HK.01303,汇力资源,0
HK.01292,长安民生物流,0
HK.01289,盛力达科技,0
HK.01280,汇银智慧社区,0
HK.01241,双桦控股,0
HK.01236,国农控股,0
HK.01235,专业旅运,0
HK.01228,奇峰国际,0
HK.01225,隆成金融,0
HK.01213,万保刚集团,0
HK.01203,广南(集团),0
HK.01197,中国恒石,0
HK.01194,麦盛资本,0
HK.01187,汉唐国际控股,0
HK.01174,太平洋恩利,0
HK.01163,德金资源,0
HK.01160,大唐投资国际,0
HK.01159,星光文化,0
HK.01155,星辰通信,0
HK.01151,依利安达,0
HK.01149,中国安芯,0
HK.01145,勇利投资,0
HK.01139,华多利集团,0
HK.01136,台泥国际集团,0
HK.01125,丽丰控股,0
HK.01123,中港照相,0
HK.01120,雅视光学,0
HK.01116,美亚控股,0
HK.01100,飞达控股,0
HK.01073,浩伦农科,0
HK.01059,看通集团,0
HK.01058,粤海制革,0
HK.01048,煜新控股,0
HK.01021,麦达斯控股-S,0
HK.01019,康宏环球,0
HK.01007,大庆乳业,0
HK.01005,美力时集团,0
HK.01001,沪港联合,0
HK.01000,北青传媒,0
HK.00983,瑞安建业,0
HK.00974,中国顺客隆,0
HK.00967,桑德国际,0
HK.00954,常茂生物,0
HK.00940,中国动物保健品,0
HK.00933,光汇石油,0
HK.00930,中国森林,0
HK.00909,中大国际,0
HK.00905,环球大通投资,0
HK.00873,中国泰丰床品,0
HK.00864,永利地产发展,0
HK.00847,哈萨克矿业-S,0
HK.00846,明发集团,0
HK.00835,亚洲煤业,0
HK.00828,王朝酒业,0
HK.00812,西证国际证券,0
HK.00810,中国互联网投资,0
HK.00789,领视控股,0
HK.00770,沪光国际,0
HK.00763,中兴通讯,0
HK.00761,百营环球资源,0
HK.00758,庄胜百货,0
HK.00737,合和公路基建,0
HK.00725,恒都集团,0
HK.00705,鼎和矿业,0
HK.00695,东吴水泥,0
HK.00693,陈唱国际,0
HK.00692,中国家居,0
HK.00691,山水水泥,0
HK.00677,金源米业,0
HK.00676,创信国际,0
HK.00673,中国卫生集团,0
HK.00668,东银国际控股,0
HK.00655,香港华人有限公司,0
HK.00648,中国华仁医疗-新,0
HK.00647,JOYCE BOUTIQUE,0
HK.00645,安域亚洲,0
HK.00629,悦达矿业,0
HK.00608,达利国际,0
HK.00592,堡狮龙,0
HK.00591,中国高精密,0
HK.00589,宝国国际,0
HK.00587,华瀚健康,0
HK.00583,长城环亚控股,0
HK.00578,融信资源,0
HK.00566,汉能薄膜发电,0
HK.00554,汉思能源,0
HK.00544,大同集团,0
HK.00528,金达控股,0
HK.00513,恒和集团,0
HK.00465,富通科技,0
HK.00462,天然乳品,0
HK.00458,联亚集团,0
HK.00455,天大药业,0
HK.00438,彩虹新能源,0
HK.00422,越南制造加工出口,0
HK.00413,南华集团控股,0
HK.00406,有利集团,0
HK.00404,新昌集团控股,0
HK.00396,兴利(香港)控股,0
HK.00385,建联集团,0
HK.00377,华君控股,0
HK.00375,YGM贸易,0
HK.00374,四洲集团,0
HK.00356,鼎立资本,0
HK.00339,安利时投资,0
HK.00335,美建集团,0
HK.00318,黄河实业,0
HK.00307,优派能源发展,0
HK.00306,冠忠巴士集团,0
HK.00300,昆明机床,0
HK.00289,永安百货,0
HK.00283,高银地产,0
HK.00277,太兴置业,0
HK.00266,天德地产,0
HK.00262,迪臣发展国际,0
HK.00254,国家联合资源,0
HK.00253,顺豪控股,0
HK.00252,华信地产财务,0
HK.00247,尖沙咀置业,0
HK.00246,瑞金矿业,0
HK.00233,铭源医疗,0
HK.00224,建生国际,0
HK.00212,南洋集团,0
HK.00201,华大酒店,0
HK.00186,敏捷控股,0
HK.00184,激成投资,0
HK.00181,闽港控股,0
HK.00174,盛洋投资,0
HK.00155,中国源畅,0
HK.00141,大中华集团,0
HK.00137,金辉集团,0
HK.00132,中国兴业控股,0
HK.00103,首长宝佳,0
HK.00100,白马户外媒体,0
HK.00096,友成控股,0
HK.00089,大生地产,0
HK.00082,第一视频,0
HK.00080,中国新经济投资,0
HK.00073,亚洲果业,0
HK.00068,利兴发展,0
HK.00067,旭光高新材料,0
HK.00050,香港小轮(集团),0
HK.00046,科联系统,0
HK.00022,茂盛控股,0
